record_id,name
rechW6vlJ15I8LNfY,4LL Powered
recSspBGmjjZayVVV,85 Local
recKWlPumTV8q4zpF,2024 Global Leadership Student.
rec5jnAz0J1n3gGkp,123456689
rec0XLnsW48fOvabr,A.I. GLOBAL RENEWABLE ENERGY POWER SOLUTION LLC
recDa1Ys7fexDs3rj,A3D Services
recl9v2MRl3rNdnfl,Abel Police
rec29aPy6RcNzuxUD,"ABG Food Safety, LLC"
rec8QKH6MvNEwgtJF,Abolish Private Prisons
recUR4nlOFYYertMB,Above and Beyond Delivery LLC
rec0Xuf2aTDF5VNP6,AccessAbility Officer
rec9y2FgCiZY9EjNU,ACE for Change
recwlkarjATnwQHAH,Aclis
recBEahkJ9ZSeRkc1,ACRES
rech8LyCWSRgaqdu0,Active Solutions
recZPmdaVVfalgsZD,AdpT
rec4oXwLibTq87uVN,Advanced Engineering Talent Group
recrx9wpglh4EOmfS,Advanced Voice and Data Communications
recdOrsK6gdwKxa1Q,AEGIS AI GOVERNACE ECOSYSTEM
recm9Z9lh3T1n6ZRC,AEGIS AI GOVERNACE ECOSYSTEM
recKgAfpCa8wl51dN,Ag Tech - Dania Al
reca34oJuzhcdiWlU,AGNC
rech2cWcZsSKzvzYI,Agoge
recdA04MXC94AgaUx,Agoge Life Inc.
recHSHjFaCLJ2rKPJ,AgroSoniX
rec8HiUzlXoLbgTOm,AgTech STEM Camp Coordinator
recdkAGOxTuTcyj42,AI Code Monkey
recCWb1rC4GWhggKh,Ai Code Monkey
rec0R7QFsMYyM0Zzy,AIDog
rec0ZdOqGFwDqbC0c,AInos
recow9bIzvDgADNh0,Alexandria: D&D One-Shot Discord Bot
recB1SBSyeQssFksQ,All About You Senior Placement & Resources
recbrc6hWtluUUreq,Alla Herbs
reckrOp9ntfwq57Au,Allow-Natural-Death
recnwFoX08kSQwOSa,Allow-Natural-Death (AND)
rec5R91TS94cRsrjo,"Alpha and Omega Research Institute, LLC"
recRp8VqD6j5FAnem,Altreras Trucking LLC
recpbg6utHfQo61XW,Alumni
recxO0j6oMYSBoW0q,AmazonTC
receyCpIW6Af7AELu,Ambiently
recimx7Eznd35FSnj,Ambition Crush
rectSzFyVrff0FwBA,Ambition Crush Nonprofit
recIMbmu4ryjZGeAM,Ambitious Endeavors
recUwq8byW7FU6t7h,AMC Automotive llc
recgy5uH8sNhUI5WV,"Ana's Authentic Cleaning, LLC"
recaqzszgakW6bh1L,Anavate Partners
recCPfUm5zrZffACN,"Andrea Beaulieu Creates, LLC"
recYAzYNMCCiyu6r1,Annie Sharae Creations
recHueO3N3JIay2ZQ,Anytime Homes
recc7pWagfjxr4SoO,"AOC Electrolysis Clinic (Accents of Culture, LLC)"
recBmg4fhVFLl52ol,Apparent Software
recszcWykblcYE8VB,Applied Sustainability Education
recd1j2eBQr24mJJs,Applimize
recXbkq0aFs2fqKIk,APPLY
recOXV2MQUtnx4UuC,AquaChandler
recEHOXFZ0c82f0zy,Aracom International LLC
recsawDRjaStMO5nx,Ardent Casualwear
rec2BkkumkUfTb7l1,ARG Coaching & Consulting Group
recBuMvnIeKbEvVTZ,ARG Cultivators Community
recaDnOnbeYlDqwjZ,ARGCC Group
recZB8CBcObCrsJkU,Aristocrat Coffee Roasters
reco7K1cTxkfYL2s4,Arizona Adverse Childhood Experiences Consortium
recirxI0S0loCI577,Arizona APEX
reccDeBTaY0iGCYx5,Arizona Commerce Authority
recm29NE4DA8aw8bb,Arizona Department of Education
recRKRC4pXMHUFofN,Arizona Football Network
reccRAT42OcDlrXEc,Arizona Junior Chamber International (JCI)
rec61W99yI6ifvzDr,Arizona Microcredit Initiative
recLKoTR7pDcLuQLS,Arizona Museum of Natural History Foundation
recOgid0Zhgkujhkx,Arizona State University
recDqlTqKY6dbiafh,Arizona Stitch Works
recVB4Xb2yzl76GDd,Artificial Intelligence Venture Network
recrnWJSAtP91X5s0,Aspen ESS
recfy0PHJazQAsGOb,Assistance League of the East Valley
rec0eZrqSV7Q7viAA,Associated Minority Contractors of Arizona
recbFObikahrRgdo8,Associated Minority Contractors of Arizona
recRLqjXvK0qFVE0W,Association of Latino Professionals for America (ALPFA)
recyvkl97YRhYN1st,Association of Latino Professionals in Finance and Accounting (ALPFA)
recF8IVQkJciS41H3,"Assured Engineering Concepts, LLC"
recoOHrn8ydLFyXwc,Astro Seed
recRmHry2hV4y5leV,ASU
recWQ17bVkgmJS9mw,ASU Affiliate
recu5dXRYw2W7jeDb,ASU African Students Association
recXTTqndy164D4uc,ASU Alumni Association
recUaZvc1ZtDE3Pj7,ASU Barrett Honors College
recnMm39gAgA5hJvg,ASU Black Student Union (BSU)
rec8oIxrQNc05W9Gu,ASU Climate Action
recBrMqi2yEtsQM7L,ASU College of Global Futures
recXw2mDlrJNkv1jV,ASU College of Health Solutions
rechdI1a2zqe1jDGB,ASU College of Integrative Sciences and Arts (CISA)
recmvSBywUO1poe9I,ASU Corporate Engagement and Strategic Partnerships
rec9PP9m6FkAXOI9H,ASU Council of Religious Advisors (CORA)
rec57AIC2A6PrwU25,ASU Cultural Affairs
recTD7KiySKrXmPRZ,ASU Difference Engine
recjQtHn2cXnwBifI,ASU E+I Fulton
recp4MS6UWbZWkpJI,ASU EdPlus
recGER3XNLIf8evHF,ASU Edson College of Nursing and Health Innovation
recGXTJk5cHXs2ZyV,ASU Edson UG Student Services
recyLy50TI2BDrqfc,ASU Educational Outreach and Student Services
recHWQgljgXRH9CKR,ASU Enterprise Brand Strategy and Management
rec5qd7NvSU0qxvF6,ASU Enterprise Partners
recWFFnOfOJ0mVOnK,ASU Enterprise Technology
recErCyQy9GcbTtGc,ASU GFL Scientists and Scholars
recz4cwxhwQMTKmDj,ASU Graduate and Professional Student Association Wellness Committee
recNCww4LYBdQWr1c,ASU HEALab
recXqoZdWk8R6tIfb,ASU Herberger Institute for Design and the Arts
reccPdVyFPYoobl8m,ASU Herberger Institute Office of Student Success
recK7NSz4h6wZnnks,ASU Hispanic Business Alumni Chapter
rec8lA7bDugkW4iV3,ASU Institute for Future Health
recrLwxAjSN7rfC8z,ASU Interplanetary Initiative
rec2S0PvTjSiFBic0,ASU Ira A. Fulton Schools of Engineering
recMMiVpunZLvYM0g,ASU J. Orin Edson Entrepreneurship + Innovation Institute
recdkyxnXviDz58DV,ASU Julie Ann Wrigley Global Futures Laboratory
recU5plUIgm813P7P,ASU Knowledge Enterprise Events
recTYPVNjcbMH7snP,ASU Learning Enterprise
recrYQ4Kzb7x07CSC,ASU Mary Lou Fulton Teachers College
recvogZ8oZNVBjkEt,ASU MLFTC Next Education Workforce
recyg1R0fJXNh0csG,ASU New College of Interdisciplinary Arts and Sciences
rec0fyNdKKD2Ga2Oo,ASU Office of Enterprise Planning
recg4cYe6KCFrhuZi,ASU Office of Government and Community Engagement
recVyE1utvU5mP208,ASU Office of the University Provost
rec0nESBm9KdywFZM,ASU Police
recbA76aBDIfcYEDQ,ASU Popular Music
reclZHZbxlFVeqDwd,ASU Programming and Activities Board
rec5xS9mqxiyMKUR9,ASU Project Humanities
recFc2qHBRrrE6AYn,ASU RealmSpark
recZJMP9x4lSz5mp9,ASU SCAI
recUGqn96uRS0709s,ASU School of Art
recuJrcWSg9GVbgxJ,ASU School of Computing and Augmented Intelligence
recdP5Uva53gYgl2A,"ASU School of Electrical, Computer and Energy Engineering"
recVyUbqFQZJGqynH,ASU School of Geographical Sciences & Urban Planning
recchdG2EFbepDQE0,ASU School of Life Sciences
recrUSyIxuYIrY0YW,ASU School of Public Affairs
recdqix32YwBbt1co,ASU SkySong Innovations
reckN4WC1Qr7WwBHI,ASU Staff Council
rec3zNFGtk0kpT057,ASU Student
rectGkSKeCtCzbTwG,ASU student
recic6F8Ybvj3JQtU,ASU Sun Devil Fitness
reckeNwnODjK2LBjw,ASU Swette Center
recbM6biRbrT6D2Az,ASU Technological Entrepreneurship & Management
rech3DIAOKCJM26do,ASU The College of Liberal Arts and Sciences
recd2K2HUUYq5lVOB,ASU University Housing
recW40sM1O6iVDyT0,ASU W.P. Carey School of Business
recMmkxOCxXl8q0ns,ASU Watts College of Public Service and Community Solutions
recEING46EQtnKXLt,ASU WP Carey
reciN354hP1QreGlD,ASUSE Incorporated
recmcggmlMP9nc0cD,ATO Management & Consulting
recbO220hfby0OtzM,Auteur VC
rec8iCRFDCCkfz9Li,Avarice
recplwGtaa98pSTXE,Avi's Sweet Treats
recCsEAE1sagXnsFo,Avoy
recsiyo2PLkfExqce,Awakened Life Coaching & Training
recZ6RjSAVqfwYauf,Away Clinic
recUowpsWmHAygmAx,AZ Bitcoin Network
recCwOw4i6nK04lIV,AZ HOUSE OF TOUCH SPA
recg37PAL1mfmUWxm,AZ Rad
reckl5SebxJ34zlsv,AZ Speedy Labs
rec3SlTxAfhoTjmoQ,Backyard Taco
recpj4hVqgcpZD6Wi,Balance
recIUgaN8O1y3tRnP,Banner Health
recStCqsCIrQjEuD2,Barbara Hinske author
recczq3DjOnuF2FWV,Barton Murillo
recUi8LFdKt7v4emh,Barton Murillo Financial
recFG1117BjRaw5FP,Basa Casa
recNCALYGLc7jm98z,Be Well Magazines
rec8IL8VRpLhSKnKa,BeeSpicy
rec9Y9LUSmXj35S6j,Best After
recbiX3td1r5tYCiq,Best Companies AZ
reccTB82UPOAf1O9G,Better Family Products
rec4RtWAjASWuYGqs,Betteredu
recuPRg4n1LReNE59,Big Brothers Big Sisters of Central Arizona
recEYGa8ZN0g5uj25,Biometrica Systems
rec66u9F6CojMEf0m,BisbeeBaby
rectf9a8ZZDp8CpsV,BizVisualized
recuqiNFueetYSVgR,Black Hills Gold Holdings
recVGGBPvBnhHq5WR,Black Mothers Forum
recIOI6x8KTxr5K99,Blackridge Endurance
recWLvWm9zTr2GwAT,Blane B Media Group
recKRTBKvvyvsnijW,BLING BABE
recdZCU4i9mUFm8Nh,Bling Babe
rec9HEBpnn7UoJ4FB,Bling.babeaccessories@gmail.com
reccMJvBFmneasbet,Blingbabeaccessories@gmail.com
recR1PCaBlpVXVb3v,Bloom Bundt Cakes
recKthBn4cG1LyiWd,Bloomin Blinds
recb1Yj5bMzhnFdLd,Blue Cross Blue Shield
recSbqaKhuv7p9QFj,Blue Planet Industrial
recgqKL1dVJylwWes,BluOpportunity
recmvg7PRPFmk40i1,"Bob Jung Consulting, LLC"
rec5ApDtp9YKt0leI,Bolay's Solution Inc
recu13Fd07WA8Wf9C,Boltflow
rec8JlVMkp4ELR2yX,Book Sparkle Pop Creations
recehgMo2tyP5Iox2,Bossy
recX1YNEu7G82RWMw,Botanigoods
recyRidVW11WA0wCg,Boys to Men of Greater Phoenix
recomR4auBE08Gk5F,Brand Image Architect
recQQSqFeEn1zpsBo,Branthéa
recIo22xR7SAxaVM8,BRAVER Space Consulting
recNb1u52Qn0RJYiG,BRAVER spaces
recvbMI3UCLx0UKq1,Breakthebizcode
recMXUIAXUzr8QByo,Bright
recxO7GFbxLZnMKJc,Brilliant Way Productions
recy9iA1e9v203Tny,Broom Bush Tea
recN3cECi97pUHS8L,Brown Betties
recgKeVg0F3jXcNlb,Bruce
recoNr4aOkOR81LWh,Bubba Technologies Inc.
recce6xfylJpnrrqO,Building Effective Strategies
recP2U7cY3EAetdK9,Business Freedom Forum
recOGEu39vsfAc2gk,Business Genie
recywlCrJUR9XgnpI,Business research
rec1L8CmHhfMe174X,C-Level Select
reckqbjhDFH4hED7N,Cafe Emporos
rec88mWRkNU8fzfQL,Callifornia Software Engineering student
reccsM9gvN4SPZJSB,Capably
reca2lgN5rcJbmjZF,CAPSTONE
reclKVnFdvyQu3uSA,Cartken
recTmkiYgUxNaO3kE,Casa de la Rosa Writing Center
recGpPNTrNqOpjVJY,CashFlowAgent.ai
recWbcbNrM4rh8NMU,Casita Crafters
rec9wb18A8TkBgGK6,Cast & Hue
reccWW6WoGjaewxPp,Catalyst Education College Consulting
recaYiso5vik2z2u7,CATZ
rec0XQIC5kDr8sNy7,Cazador Interactive
recN3MQeRG7lpwmEK,CBL Trading
recvWoJRcnEUyQfyF,Celf-IP Corp.
recuDHgNQouxGOxoE,Celia’s salon
recAMBtVqIj58aNp2,CENGINE
recug1fPTuxyw77Cj,CENGINE Castro Engineering LLC
recjZvSg2rq8cOlvr,Center for Entrepreneurial Innovation (CEI)
rec7VVfdZnw04sVVj,CFFMTW inc
recYMSgTCdombpFys,Chandler Chamber Community Foundation
recoyfjG2KsEjykhn,Chandler Chamber of Commerce
recAS4HXuhcrfYYk1,Chandler Flex Rewards
rechx4ASoDP0dAfh3,Chandler Unified School District
recHjKw2VaPvdLthd,Chandler-Gilbert Community College
recBypNqhNX1nuVv2,Chandler's First Discount Rewards App
recup0HS6ZhPTBOCV,Change Agents Academy
rec1ts4K3qx1aFE6y,change agents academy
recvaMHu4ebKxS0RD,Changing Hands
recBvucSriCtjlVVd,Changing Hands Bookstore
recN6MUGaK9dKA6gx,CHAOS Supplies
recBg3wHVuxFx3SzF,Charles Realty & Co.
reccAbhhHNbJMHA3Y,Chart House Solutions LLC
recy7KTetcl0fhD4v,Chef Benji’s Seasonings and Dry Rubs
recBHQs7ye83G18hE,Chelsea Love Speaks
recQ0SeMrFys0uNmA,Chopili Desert Foods
recQRvA2Wpr8csJ3j,christian@healhub.co
rec7jO0YIkOqjTfJz,CHS design Studio
recLcHJwMz37ppKbF,City of Chandler
rec3CfyXyLYJUa6pV,City of Chandler Housing Youth Program
recfTfDiN6G0hDxFu,"City of Chandler, Chandler Municipal Court"
recbCTj4iV6lxlMsy,"City of Chandler, Community Services Department"
recUqazSVmC5PggUt,"City of Chandler, DEI"
rec811imEU63U35YB,"City of Chandler, Family Self Sufficiency"
recuD9vnCjKAge3EQ,"City of Chandler, Information Technology"
recoiDJoeKsiFmpHL,"City of Chandler, Manager's Office"
recjQmaJO67avBsf3,"City of Chandler, Mayor and Council Office "
recqccRmPQwfdu2AT,"City of Chandler, Neighborhood Programs"
recjvo25oXqbeQAAq,"City of Chandler, Youth Housing Program"
recQZmwyQ5wYRkmCy,City of Mesa
recpf2ZHYNAT1ICZ6,City of Mesa - City Manager's Office
recVNQtwWxYwkCyGJ,City of Mesa - Development Services
recreT3TGWer03CJy,City of Mesa - Mesa Hispanic Network
recQ8ooT4GzMCnDZy,City of Mesa - Office of Economic Development
recXgw9LEI7md1CZ2,City of Mesa : Together in Service
recLumjcuSdx1rKSK,City of Mesa City Clerk's Office
recnaNOUaUkK2sC50,City of Mesa City Clerk's Office
recRNivdoJ7X998zQ,City of Mesa Community Engagement
recQ8w3Od9PSqARFZ,City of Mesa Department of Innovation and Technology
recS9iIVMWJ7uXBoO,City of Mesa Education and Workforce Development
recXiPMb12b9DIvx8,City of Mesa Historic Preservation Office
recyzE9VBm2uPbZNq,"City of Mesa Parks, Recreation & Community Facilities"
reczgL58RmsSlIaJJ,City of Mesa Transportation Department
recMc07M08ljCfUQp,City of Peoria
recy1Vd8ThvkyAjbK,City of Phoenix
recU0UIttYKuaVHDL,City of Scottsdale
recJRtcjBdRvdfXCY,"CL James Consulting, LLC"
rec3B5bkVchXhen0e,Clayco
recALxfbh0XbkxzaY,Clean -UP Woman's Cleaning Service. LLC
recTX7DvZK7H2lw8b,Clever Cow Media
recWLVbKnwBHTi7O9,CLL Treats
recC78ttcT62m4QIT,Cloud Covered Streets
recmflREKUAKksqnZ,Cloud Walkway
recAjDoLXNzqsbCXw,Clyn
recUgWE1wYENaznsK,Coconut VA
recatdelWAFLKGzw6,CoEvolve
reccv9CKdd4mMS6uA,"Cognitive Scientific, LLC (Formally Take Care Behavioral Health)"
reckUA0k7ddlGiEKb,"Cognitive Scientific, LLC (previously Take Care Behavioral Health)"
rec1xD8M242CdE04r,"Cognitive Scientific, LLC / Take Care Behavioral Health"
recOWQpnbOiHKX4Pj,College of Integrative Sciences and the Arts
recNE6GGN2IbbBrZh,Commercial Noise
recB8l5f5siBUTbpR,Commissioned for Greatness LLC
recyZBaf3sAxzTm3l,Community Entrepreneur
recFBRnwpFf1n26zF,Community Food Connections
rec9ruHKOG6JAqlte,Composit
recJNuoDjZuuwOrlH,Composit
rec8lo0on1eeCTLzU,Concierge 4 B2B and Golden Roller Skates
recGJqvJAjVTHaDlo,Concierge 4 B2B LLC
recYrdcfNt15kQk7R,Conscious Gear
recOwpTrExiFiCOha,ConVersibl
recScUZsONRwqowu5,Cool Pools Service and Repair
rec0gG8aCsSlvUtyd,Copper State Pressure
reci5oF5lX7JjdrNT,Copperticles
rec9NV1V4xWw2CkKW,Cornell Agritech
rec09IzuqWDTREVTD,Courtyardly LLC
recuzfCiPYudaWCnK,CPLC Prestamos
recBn8ynWezeObxXZ,CPLC Prestamos CDFI Women's Business Center
recW81AkY9H6at54l,Creating unique art
recWFnxggwiXdjmWW,Creative Professional Learning Hub
reciw3gAsiIohvCDD,Crescent Moon and Star “A Mountain”
recHyN9Gx3VAmfMet,Crisp US Thrift LLC
recTrqCLweQmn9eMd,Ctet
recRPHVWMDhUmYC6K,Cultural Coalition
recldZBUhgNS2PYEb,Cutting Edge Woods
recLQSTYL7kIUEeJt,Daffodils Bloom Life Coaching
rec2BZIhvgRaPzBxI,Dank Local
recUuMVVJfyUYuo03,DankLocal
recMs2yZe6VFlkVFf,DAS Foundation
rec3RdQXq6ob69B1Y,Deafinitely Communicating
rect7KkjgN7VSWwKj,DEN Insights
recRI6lRRTVB3khLT,DEN Insights LLC
recIxZHS1cHPovcvw,Desert Kitchen Gardens
rechykBYp7KlRLvY3,"Desert Solutions, LLC"
recijk251JY96XiRO,Design with Lauren
recTbYVhCRsA9G8hu,Desirability
recMKGADZEIAQxz5M,"Devine Management Consulting, LLC"
recaukGgbNKHLaiNQ,Diaspora Garden & Wellness Center LLC.
recPjjpQRhJGPVhka,"Digital Instincts, Inc"
recLWzpkYjx0xdCdF,Digital Vibes Agency
recrSq0WYdGIZoHm6,Dignity GreenTech
recTmgxVa0bLNJHp4,DIMA Building Innovators LLC
reccK3XQCbjF9EBif,Disciples Financial Services
recQvvEufrPbK00es,Distribution Local
recBFuwK8SIEATSy7,DIVINI
recaz73sMrITIGdSh,"DLC Consulting, LLC"
recNKBcFZs6UUn7ma,DORIS Arizona
rec4EXUvbYd0CRnjJ,DrainFunnel
recx1pFIXu9F0JOS4,DriveEase
recwQxQKU3XknQnjc,Dsquared Homes for the Homeless
recrgZ7cBqJcKzakQ,Dsquared Homes for the Homeless nonprofit
rec1jbLC28xJNEd81,DTE Materials Incorporated
recpMdqiqQLTrZ4Ii,Dulce Churro Cafe
rec3GwCAhiU6Wtbzu,Dynamic Protection Solutions
rec1oVD4AaQLbfc9x,E.F Products LLC
reczT9bBUYBWNmeN1,E+I
recxgMVVd8HjMPcyN,E2Energy
recfJWmbnewVvCRkN,Earth Day Challenge
recTA4QzdlGqt3v4z,EarthEn
recy1k9uzZh97e2aE,East Valley  NAACP
recLFcbJo366Yt3kD,East Valley NAACP
recTw0yLsn2ixIUVq,Easyeat Express
recHTX0J9SVZSEJ9a,EasyVoice
rec93nPmtmMKTAnfM,Ebby's Book House
recmvldz3P9vzHUKy,EDFLICS
recC2EpVKOvvXIJ49,Edify Content
recZbsJcRAePhp91z,Edify content
recD16VuABQuBrCzV,Edson College Assembly Member for Graduate and Professional Student Association (GPSA)
recb5XriJwb5k0sJj,Egghead Social
recZq0E5MEnI5Igfl,Element of Exploring
recQd9AuWKD8yZ3oV,Elevate Your Life Coaching
recVjB7uFjODHw3Sw,Elite Group Transport
rec6cEkx7vsuSFY6c,ELLA
recY5wvdaCdLMJggN,Elluminent
recc2Q5qZzRGH9FvV,elysenyx
reczulKEMa4UU79x6,EMCC
recDny1j0XUTijsPM,Eminent Special Needs Planning
recg1ltcpwKUFZxFK,Empire Scottsdale
recfejOus4n9cJjmA,Energy Flux
rec7w7eCtqmFACjiq,EnKoat
recpQlZ5mhZk56bXh,EnKoat LLC
recmVg6AoCZD5DDqJ,ENO (Empowerment Networking Organization)
recZCEJmtvvPnUyfY,Enterprise Technology
rec4ODkSUYJ8GFNl9,Entrepreneurship
recLK9pLinJx9o6ig,EpiFinder
recfUMnvdsW1rh3Zn,Epiphany Institute
recwpbFZcGHpKSJK5,Epoxy Strong
recjWzjRMQHJxFPVn,Estrella Mountain Community College
recl8xXSBf3DbnFvl,ET
recaVklQargk3s2J5,Ethereal Co.
recQGL2TSp4gw2BiJ,EUC
recCHxwQeCJkKsfef,eWiz Inc.
recfXL4nMszWr95WP,Executive Administration
rec6DGA9bK3SzBCti,Exodigm Biosciences
recnMdzdoJ2lbiQxP,Expand Consulting Group
rec9Z6RkAaVJ3TTZw,Exploring Arizona Lands
recaPyljJHq2h21Ys,Extend EV
recohCRDpfeVu9T3i,extendEV
recmEV2g3gTgz3Nnr,EZAMU
recDkNDi1Z7I1CdAw,Ezamu
recyAZtMskmFNimrn,EZAMU.COM
rec9nZT3dvXZbRJE7,"Family Financial, Inc. "
rec4PJ8yJiW7FKzGV,Fashion Journalism Club
recfGNYNMYUONYRXq,FeedbackForIdea
recGDcRZYoFfwOPd8,FemmeVestor LLC.
rec578iEOBjAmfoGY,Fintech startup
recW2IBhcIPm05x1r,Fired AI
recOqhJoNb4YYpoBN,First Page
recLFNvATVbeB61XV,Five Leaf Financial
recO7Gj0D3Qanp4aL,FLAMING OATS
recOLxwRo9udINwG4,Flawless Brows
reciwueHhWZWAAHXR,Florecita
rec7YZs07Ne5gwbIg,Flysub
recuqyhx9RCkdO5Jd,FMJ Electric LLC
rec30VcBrE2VNLPtc,Foodbeing
receyzu9kboaOvJTL,Foresight
recuOpjQwzmRpEzqF,Forged Droids
recnOmxAd9bwnv6NK,ForHerCosmetics
recAeTKQRHROjjkma,Founders Live
recnj6G08Xeok6s31,Founders Live Phoenix
rec3VUlaIIoE5v98w,Fuel Ya'll
rece4UCyxhKGmVqxg,FullstopAZ
recVwvfEcJZOOQy1S,Fusion On First
rec51HDbsWFw0XvHP,GABBYai.com
recXycWS5RoMOOVgE,Galen Data
recvgq8t9iit33iBM,Garretson Technology LLC
recmYRD7ijrY3URyP,GateWay Community College
recQMU3TjI0xscEr7,Gateway Restoration
rec9tYCN12CwWGthM,Gatzby's
recowrFiB74qxGCSQ,Generative AI and Data Intelligence/Career Coaching for women in Tech
recxw3A2CK8cH3NyE,Generous
recJXLGPPEa4F35Zw,Genesis Images
recFt4OMYIp4cXhHJ,Gentle Systems
recVyASKUh0GxR3bq,Get Hypoxic LLC - DBA Hypoxic
rec5sZ5BDBM9Azdam,Get That Grease!
recW6YNGqPwEbfJWl,Girl Get Your Body Fit
recDNpcHwat5moIti,Girls in Tech
rec58DxSbAU3GihA2,Girls on the Run
recxIogepxMbL9fFX,Girls on the Run
recv45SdHdgIZBEFS,GJH Logistic Services
recGVDvwrDYFDXfPS,"GJH MOTORS, LLC"
recKNdaqaF1vLSrcd,Glendale Community College
recALq7iFpVDWvN35,Gmama's Cards N Books
recw0EPE2bOIewLeR,GOES Platform
receBLpJMLkX7GAJT,GoFolio
recJj40juzFlLsaLz,Golden Roller Skates
recf70fb7qgHr4zqi,Golden Roller Skates
recX3e9guNV4d7YXO,GONZALEZ TRAFFIC
rec9HgG6ubJIkNG8u,GOOSE & CO.
rec2lAAXV996FrSnK,GP Design
recXzgDhGNmmiIAqz,GradSend
recmE3qvdXw1iesJl,grant writer
recvCsgHPKMicnVik,GreenLoop
recXSTqIWm7lzwsLT,Greenwood Brewing
rec9u9zUrRTNPYKLl,Greystone Technology
recaw5WUWv4Lo0Tqf,Greystone Technology
rect7pGf1a3NunTnX,GRoots
rec88ipPjudo30524,"Grow NY, Annual
  funding competition"
recMKlQkaxA5OfbnK,Growing Green
recdRw9eIo6USxCo2,Grownup.me
recrfrW0GAueyV1Na,Growth Force Corporation
recqQSVhA1wBRpwj8,Growth House
rechaAyVKoLn5SYUC,Growth Partners Arizona
rec6TUryqnObrHh9M,Hall of Flame
recG7of8dcrpHxTtX,Hamilton Architecture
recabIrBnZg17Gvx3,Hapi Mags
recxVcD6LenaYfab8,Hattie B. BWIP
rechMJaaMSQ4265ja,HaulPal
rec0RxrFOCtRC9MOk,HAVE PHYSICAL GET ORGANIZED
recT9Umfq8McuHLwy,haven
reco3WxnHyTg3nHwI,haven
recu1ALpNkTZzxMcW,Healthcare Businesswomen's Association (HBA)
recsa9NFex57A8oaQ,HeartGlass
recsEE0Fxc7noJSJb,Heartjoy
recSuYZxOpE6Paee2,Helio 8
recdETtXFog9vp3ZT,Helio 8
recx83nphjpGTFtoV,Helio 8 & Foo City
rec0Pxu20gjzlQaAW,Helping Hands
recLhKsTIP8V8IPQs,helpist
recWcxxBQP517HGH4,HEN Cybersecurity and IT Services
rec1EAGC1REmBoIDN,Herberger
rec5lklccHJpaZfBA,Hernandez Solutions Group
recCuBwPt3bDmyKnF,Hillside Design and Print
recaI3djwBCmANZIg,Holy Hands Painters LLC
recIwQQDfvqcBuAq0,Home Office Hacker
recqQoaBTvHVEVFgN,Home|Body Creative
recxJYpKl5IFoRMT4,Homeless Youth Connection
recqFosP4JQDWeFJl,Homer Farms Inc.
recCSUYNzNU7QP4n7,Honey Haus
recIA4gcDvzBiIKQp,Hope & A Future
recZ3av2pFyk2g614,HQ| Holistic Intelligence
recUldi7TSgPrEJpY,HuaHong
rec4Gb5dRSN00EWrk,Hue Technologies
recoVOEEbcFAqehP1,Hug Your Head Foundation INC
recGsyUy7iRmXe567,Hummingbird Business Network
recuWwdMwTL1NqGtr,Hustle PHX
reckY9IvM2fUhUnxz,HyRel Tech
rec48gJ9Mt1xoaI18,Hyrel Technologies
recEHrTu4XFarOsAI,ICE T Investment
recZ8cvdEeTexzfQ2,Idea 3 Creative
recGLC8uQzfyOSrxd,Illuminate Sales Solutions
recHBg7PjAi471X7e,IndieVid
reclRellifv6PwRnu,Indigenous CC
reckjJCkk4DNJ9zua,Infocard (part of Venture Devils)
recSZMitMIefuwd3C,InkBlot Art LLC
recnCwwosvUC6qLaj,Innovations & Technology Development
rec1c4zPG8KETdGfw,Integrative Wellness Collective
rec0HlEX4bpVIDy8b,Integrative Wellness Collective - a Co-op
recIR81TxcMfi1w8f,Intentify
recF2ZP8FDfeUV8xe,Interconnect3D
recxeyzHHHLIoBImv,International Rescue Committee
recS0bCFiIp4z187e,Into the Light
recZaw9zvQekRYMzS,InTouch - Network Management LLC
rechsBLIdNgbKesIU,Investing Insights
recgtPjI4TKV1y6nm,Investor
recKMYyg1xfT6al0z,IRC
recAaxQNeu2RrbC5e,IRise Foundation
rec6JJWYFnMGxQEVv,Ironwood Partners LLC
rec0PLWnLU0oA8sFp,IT Architects Collaboration Workshop
recY5eIbnrOoTzKSV,It is just an idea yet
recmcWtOpeRDVIm4H,Izataqo
recO4VgX5lwF2Wg92,Jack Morton Worldwide
recrwpQlyywQNq3SA,JagCo
recJ7KuR2kzuTIzLe,Javy
rec7eVcVazVcMiCL7,JDC CPA LLC
recwqpRz1LH6DIXBb,JDLC EduBusiness Solutions LLC
rec27V8TlfNs1Nd7q,Jesús Ledezma
recoRoLvR53gx6O6V,Jinzhao Guo
recbTVmDRgd7SAFOt,"Job Well Done Handyman Service, LLC"
recDWqpcM3jzwTYFH,Johnson & Company Landscaping & Renewal
recAVlZiSFpXpUtLF,Johnson & Company Landscaping & Renewal LLC
reczbioGABVfoWjxN,Jotted
recIvdSQcfRTI3QNr,Judy
recvcGwmRxltMnHF1,Judy AI
rec63aDjiHSPMC1yu,Julie Ray Creative
rect62mgx6ZXvxrvw,Juniper
rec55VSmPYwbUUVVw,JUST ENERGY ENTERTAINMENT
rectJsIZShoIZoJ32,Justplatypost
recXH3r0MA41mRnBy,justplatypost
recFXfzqI20hVZevr,K16 Solutions
recnSrfKgtdUfN4nH,Kadeema
recTDLUhMHCrfpdQS,Karen Odden authir
recbWzwYDRAhDpjST,Kavvy
recEdiFbgFOishz6v,Keep Tempe Beautiful
recYJgjgyxDn4XHqQ,Kenz Krunch
recfaeNnTkSI1e2Ye,Key Media
recVIhy1VDqUECMtg,Keys & Corks
recmaBKvNXU2CAqVq,Knosis Health
rec0Ben8doHTXrxYF,"KOLE Machinery, LLC"
recoRqwOuXAT4691H,Kozel Lending
recMuZCn38yYgaole,Krampus VS Christmas
recTPHzCdTUbv0asW,Krampus vs Christmas
reckZbA01D6IQ5Q7m,Kreative Keepsake
recXzf5wnudDqvLg4,KRUE Industrial
rec3t9m8YRHxKvy1U,Ktutor
recztYyCEkc4hAJAI,KWL Financial Services
recCsLQnQXF1Y0X7O,Lake Litter Solutions
recV8PiaXUQbBzrCa,Lake Litter Solutions
recaX33OeqNTTxDOv,land for community development
recwlKfd8y6ks25LX,Latoya Cuts
recBlEj7AdsNjnogg,Laundrybud
recMndG6lRcguxFYU,LEAD180
recytWR9zeTsKcSsF,Lean Tacos
recKjRvu0HAfHKkTK,Legacy Business Center Inc.
recjBwPGxLn2dOoR9,Legato College Consulting LLC
recpXnDkxnVpUUtoS,LEGiON Platforms
rec9GwX2UtD0Qj9xR,Legion Platforms
recgPD2xlf0HS46AC,Lesis Nzamba llc
recxecND2dV11wgWv,Leverage Point
recSdWWqClYH20SE9,Leveraging Ink
recbImrotWsPIFsWh,Lex
rec76Nl9BfybABNzT,Lift Every Voice
recgFDBMBCYTQ9yjN,Lightrow
recj1NXQ8PEheNM95,Lina's Learning
recL2cslUNqt8LSap,LINK Ag Solutions
recc5RnrFpNXwDDf4,LISC Phoenix
recgF6zU0UNZuDK7t,LIvin PHX
recgsSxRHjvEn6wJt,Livin PHX
recVnGh1pd6IQY8WI,Living a Robust Life
recqs21OJjdKKLm9b,"LL1 Consulting Services, LLC"
recg2flD3tNaTZEAI,Lloyd Media Group LLC
recc2fbGNqc1JMz4v,Local First
recyklqBVIuuecoMu,Local First Arizona
recwv9jlaISFl3cJy,Lodgewell Publishing
recILxiK5t8fHGTB9,Logewell Publishing
recdpL9wJWsu5Lwpb,Loil Life
recKWRY2nm5lXdGWA,Long Hauler Scope
recmE06QwUQ4aLKJg,LOOKOUT Magazine
recUldgj8e3W28leZ,Loommas
recFcHfF152CAYpFR,LOVEUR
recd6LY8f2ATFGB7K,Loveur
recWaEUoSGQhSryFd,Luma Suite
recWjFSde9Z7fV048,Lumynairé LLC
rec3uDN9bIuWHHDgy,M-Drive Inc
recfbcJxnK53uSiuD,M-Drive Inc.
recmt8VuqP6wJUmFt,"Magel Management, LLC, DBA Notarial"
recHQcLiLYyqGMmpa,Mahogany Innovations
recW01XoLzRU2F51K,Majic Branding
rec5q4Vhd74JEydzK,Maricopa Career Institute
recPjBgS3PsNA6nii,Maricopa County Community College District
recoroxacdvaKt1Ck,Maricopa County Food Coalition
receqhJymFDgtGnTd,Maricopa County Office of Procurement Services
recyPdLT8bnSGznNV,Maricopa SBDC
rechdHS0CQZCzcgFR,Mark-Taylor Residential and Blueprint Capital
recmD7UBBp2YJey1z,MARS Coaching
recYWnf0VImjowhI7,Martini Mates
recheRCQ2KouDXYH4,Maverick May Solutions
rec9m3cGR6no5cFWE,McRae Specialty Services
recv6JIzS4QObLm7L,Meditation Genie
recZ21o2GYm3M3Jdz,Medoauth
recoMSi7cVmAfp9M6,Melts
recx4pJIMVxdEFMVp,MendBridge
recMXwcTCVZr4wuVe,Mercaderia
rec2XvsudSYBxsG2o,Merianne Drew Coaching
recJ5ELt8E0eUybut,MERITUS360
rec9NpZRL9eff9tTr,MERITUS360 LLC
recScjnnkx5wBHALW,Mesa Arts Center Foundation
recCzbdBrkNbCl9eL,Mesa Arts Center Project Lit
rechImjy5igTiAhgk,Mesa Chamber of Commerce
rec1cx3UqpsN5XYS7,Mesa Community College
recuw2G9RThZpzCKS,Mesa Community College
recaAsuO4FV1Jgsnm,Mesa Leadership
reciwQu3cAiCWxG5p,Mesa Martin Luther King Jr Celebration
recAlcBN6ZRyb94gn,Mesa Public Library
rec1xB9mNy4bty66o,Mesa United Way
rec5w4SX3mqtom5cR,Mesa United Way and Azura
rec8DmIefuClNRPKl,"Mesa-East Valley Dr. Martin Luther King, Jr. Celebration Committee"
recttt4NJ8SIIEXJx,Meta
recOmqoFQtPKPAmzK,Metrics Technologies
recEiR7gkdm3fucrf,"Metrics Technologies, LLC"
recvmIuUVsphH41B8,Metro Painting
rec8DiHvHp2yHSOPw,Mezzo Recreational Center LLC
reccU7N6FK4MPA3mA,Michael Williams photography LLC
recnJMmrBYzfcaKYa,Michelle And Hair
recvoqkH5UaRCT0MY,Millenium SynthFuels
recRc5uVO7J1o1HQu,Mindfree
rec52wX11viW49Uu8,Mindful Wealth Advisor
recWlgMyyJPqNLAzl,Minenhle Art Experience
recViMGL7WQBzAdJ9,MISE
recIfBxisPjQOfPAt,Mizhan's Market LLC
recCAfjbRUO1OcAYb,MLC Contracting
recYJxxXuDuLB6btK,MLFTC next education workforce
recGxfCFvRtKsN28o,Mobius Robotics
recnPbvDFL3oDMSsb,Modern Wealth Consultants
recnqCOLvq99ZugRV,Momo's Mercantile
recteYDiuBZXdXQvp,Moon Days
rec16efUNTyWctj6B,Moonbeam
recjApGyIVH17yvCU,MoveCars.com
reca3qQoGKOHqZWKW,Mr. Probot Ltd.
rec2qfN6tYviKN2EB,MRD Fashion Hub
recWVzcwaSKpVEbPv,MTology Innovations
reciWcgmO7ezqssS4,mustachepretzels.com
recs1qABSEMduMXVV,MX Media
recRNalYsDxPMCxDG,My Room Galaxy
recjZG1uymJS5SVvZ,My Salon Suite
rech6H3liYeBjrGgh,MyLife Mobile
rec3FOmnt9GMyvBxf,MZT1990
recjyCVa2giIVEZWz,MZT1990
reczVNxcMudgMdS1e,"n.r. design+build, l.l.c."
reccpFKzAYorVfr53,N/a
recfDLlL386DGoMDG,N/a
recox29wBu72a6Po9,n/a
recKdfYbcglqNEAZd,N3WS
recvP5bpxZIvCAyEj,NA
recTdVmXC65Jx3K7g,Na
recbWQfxz45E6spbk,Na
recjqPdY74IrCgDJe,National Charity League Cactus Wren Chapter
recLUcq4fkr4SDhCP,National Coalition of 100 Black Woman Phoenix
recLOZgwohOqO5Ix5,National Council of Young Leaders
rec01VRj1Gi8N7ozU,NCBW
recr1iKAnnIJZyrfb,"NCW 'GRANTS' & Associates, PLLC"
recELePVARBfERIiv,Neighborhood comedy theatre
rec4j75TyQiTsupD6,NeoLight
recaLUFCNrCuIZIz7,"NeoLight, LLC."
recHcx714wWW767MF,Nepalis and Friends Association
recitQjzQoP1BEEu0,Neuro Informed Leadership Academy
reclOGyn4tgan6mJW,NeuroSol
recAavCvMhVqPq3UG,New Edge Science Academy
recgaRgkgK3F16mQV,NEW TEST VENTURE
recRNjRjxZ1P7uAZO,New York Life
rece6HSVsZeJwBIn2,"Next Education Workforce, Mary Lou Fulton Teachers College"
recwGKujILkLzzJ8j,Nitron
rec8frVmsqkhhL6Vc,No Barriers Disabled Access Consulting and Advocacy Services
recPly2buoQPblGDF,No org
recJVpDom1lX3EWIt,Nocturnal ABC
recTxApxmLln62TqL,Nutrivo
recGCOqbi7Ic1oHfm,Odoo Inc
recUfm1o88GheEfNp,"Office of Environmental Programs, City of Phoenix"
recBPH6GtVc2RX2lS,Office of Government and Community Engagement
recT4zU5mWJE1XHZs,Ohh Nana Global
recbKUsi77TDnVwmK,Omnivor
reccDD47o11IXooZN,One AZ Credit Union
recKzGD3tQu3OELdk,One of One Studios
recF64ko2xbW8anQz,One Planet Network
rec1uFrvJKTAoBE3b,One Street Over Neighborhood Connection Project
recXuG39rApTMxYXC,Operation Vanguard
recNDWU4VS7jQF78r,Opingo
rec6lQU2oBOJg3vLI,Orange Ranch
recmd3RRodjmyxQwa,Orchard Community Learning Center
recBRMwAFPo6ZBbMe,Osher Lifelong Learning Institute
recrTMuHqDGLeZU8c,Osher Lifelong Learning Institute
recyZ2wn2oHgbEChl,OSSecure
recWDO6cUNFOjUJuA,Our Kitchen
recT3wQXUUhpgEHlB,Outshine Labels
recZPXHA9a3alYtxq,Packed
recQefOwBeosYDNZN,Padgett Enterprises LLC
recf9WgjjYCwi3Ods,Padma AgRobotics
recIzIIj9oYP4txzY,Palm Canyon Acquisitions and Hex Pre-Workout
recq3XiPvvzES8etR,"PAQUIME Communication, LLC"
reciGPPmEH4wKmaYF,Paradise Valley Community College
recsMYR4I9lxWgtSE,Paradox Universe
recXqzhTnTncSnBzu,ParkMango
recoIlEnY8LeRxWTb,Partners Connect Africa
recCkfXQrgHgIzdE7,Partners for Paiute
reccI09fYIJPBr08V,Pastor Center
recLi5yCvNExV2Okw,Patents
recjz4PivbBJQzwQy,Patient Safety Technology Challenge
recKZpyjt3gGpO6CD,Patient Signs
recVnj12RrPYXaeOe,Payving A Way
recTgtblpEyghctS3,Pen & Sons LLC
recoVIzVcPi46yQhp,Pen and Peppur
recZ5papLFwNOSfde,Perfecta Solutions LLC
recofc9JIJrLDtDe9,"Perfectly Good Books, LLC"
recwvQGkj6TDkBCPf,Phoenix Business Women's Association
recylUZUSuz8EjEES,Phoenix College
reccyNn0vgPnlFJ4E,Phoenix Mobile Technology Group
rechyEcQByyoHNaRF,Phonecianlafirm.com
recp8b57CcaUaZM1M,PHP
rec2z44Vaihji5Nhh,PHX Mining Co
recc26ORonOkNhREe,PHX Ventures
recP5SAriqMaKF1wX,Pilates Reformer Redesigned
recxt6y5UF0yAJUP9,Pilates reformer redesigned
recX0y0eCysFjH9TD,Pinnacle Prevention
reccxFmNzBxYycADs,Pitch.fun
recfDs2aPjMewzHp5,PLANponics
rectTBBawk3GPjEkw,Planza
recAodO2VlRZZG3eH,PLS Farm
recz6lZnyLRu2uN7R,Plug and Play
recXjVvHYNDrcjZZ5,Polten Fire Protection
rec1MGfovpMstCpRS,Postal Notice
recsmAjkI0BNMiGU1,Pravici
recZ3KX1WCEUBCz3A,Pravici Employee Rewards and Recognition
recDmnJD5E2zG7rsX,Pravici LLC
recGjyjmtEG4HQQl8,Prenda
recpgCptxHlcRDQr7,Press Distributions Corp
rechFzyva5zyHJmqJ,ProCARE Portal
recwmv9zOHprLvTar,Project Smile AZ
recPlFypMuikqfR6W,Promineo Tech
reciELXINK17J2tOH,PromineoTech
recM3HXGGAI9B88Eu,PromptR
recEtb5DO2SKzxV9l,Proof Bread
rec7sfCFhnUZEO4hV,Proof Bread LLC & Dynamic Capabilities LLC
recSjVCJzsVkZLVd3,Proper Pack LLC
recYnK5rrK8s5VnNr,"Prosperity & Co, LLC"
rec9tAjBkV9aykgCs,PyroFox
recp1IBHtPqZiUjlg,QTD LoadMaster
reccNZAH4MH50x7nq,Quantum Wayfinder Technologies [TM]
reclmOD2l5mfJIdQE,Quick Test Health Services
recQXVtZdju7Lyb9L,QX
reczmAY7aDwV1PIJl,R&N Cooler & AC Services LLC
recNeFWOdGdRr8VeI,Rachel Frazier Johnson Law
rec4CxEYRdPXdx82N,Rad Cactus Co-op.
rec53PvMBxZZcMTm5,Radiant Marketing
reccleYSeeWaWjCG5,RAIL CDC
recn2uLBNPlNKD26F,Raphael Astrow Information Technology LLC
rec15uDspTmYdw9dX,Ratchet & Pawl LLC
recGIVsZxUJ6VRNFU,RaveDaddy
recv4WnXmCAmO9h0n,"Rayva, Inc"
recFviQzu7HlqH2RC,"Rayva, Inc."
recQ1WByGoMclEslD,"REACH (Research, Education, Accreditation in Community Hub)"
recMMO4TiMEi3O5J2,Reconciled
recfipPMv2gbQq82q,Recyclops
recW1t1HZJQ8COV6t,Redesigned Reformer
recZs2kMplPGsOl06,Redhairs Ironworks
rec2qHspq0ARlHeHp,Registered Investment Advisor
recIuOilKT4ARp5hs,Reguvare
recfqD5bKEDNdeJ1s,Resale Therapy
recIYiOMnnNR0Of8L,ReSuture
recJvmP3bwhuKxu1V,Retractability
recD2XhcjF3ioItUz,Retractability Bicycles
recGcMrAenpXTwgkr,Revolu
recqt16lhAAYjlFkK,Revolute Robotics
recHjjrjIdpAZUbNS,RevolutionParts
rec5rX1DPAilvNzcU,RGMI
recnVRoPEoCdm8mce,RHOP
rec0gMVQIOb2QWhW8,Ridge Valley Co
recqXyOASPDI5WNZj,Rikodi
recMxGBIYzKzCiJwA,Rio Salado Community College
rec4Ymr1U9p4suBHn,RISE remote iterative stem exchange
recI2p5V2uPyGoNlR,Rob and Melani Walton Sustainability Solutions
recjkpYsAlmB4Opu9,RoomieFinder
reccbH3EsAp0LvUkc,"RoomieHub, LLC"
recHFtDnKHlIJPGmD,Rooted EdVentures
recLah4yMs0cgpaAb,Runsphere
recgPUz68Fvvdbs8v,Sacred Hats
recDbpARtFVek0fcm,Sage Elite Realty
recjd25emgwUI5L1T,Sagittarius
recZYzsju99JD01u7,Salt River Project
recljwhZ8JPZVFkhN,Salt River Project (SRP)
reccgIVXCqxlBHnFJ,SanTrac Technologies
recB7tZgx0NIyRbSw,Sassy Dee Sashin'
recG6EjyavcBzzdQQ,"Savory Sky Foods, LLC"
recatQjJpJ6yQNkr2,"Savory Sky Foods, LLC | Creator of FLAMING OATS™"
recYyGV6Yva6GPiGk,Say Cheese Photobooth
reca3baIldRfCyuoE,School of Community Resources and Development
recmiib7YTDETiP45,Scottsdale Community Bank
rec3Yy5GnSaCyEyaI,Scottsdale Community College
recGb21FGxUeprDRY,Scottsdale Jazz Festival
recPJysdcJFuXj788,Scoutly Plans
reciWLqmtdhpdhGMQ,SDVOSB
reckWpmsC5SPNTJvm,Seamsdress
recybdhguGK1Jpecb,Semicolon Society
rechd8RDsvz02Cf4m,Senor Sushi
recPgxFffuoxxj4kj,Sensagrate
recJ47O6mYRCYMuYB,Sensory Stitch
recBdINp7kW2PwUVY,Serving Glamour
rec8JOkssQjtCNTsm,"Severe Technology, LLC"
reczdSeimEha1V6UN,Shade Architects
recCp03M1D7hfUtJl,She Thrivin’
recZGf3dN6ag1tZPJ,"She Thrivin’, LLC"
recFgI2UvrQyff3OZ,"She Thrivin’, LLC "
recKxXgaruvVCl1bT,Shea Group
recj9z391uSU1YXjU,Shelters United
recG1PiEPWd3Zf9LA,ShipWreck Fashions
recs04IKMZYvOdvxm,ShipWreck fashions
recPIOAszKc8d2PLE,Sigma Lambda Beta Fraternity
recB1gPPiePmCrEOn,Silicon Business Review
rec3U5NCrmhHiMh9Y,Silicon Business Review (SBR)
rechYYKQbVs1ZkZBl,Silver Medal Productions LLC
recuYJKu3iSL95liN,Simple Mobile
recuuYyQa15FLGHXp,Simple Mobile Development
recBNgHfCyYGaha8n,Simple-C
recSRPq6SxhCqg4ho,SimpliSent
recRCrrFewJXfuJgw,"Six Twenty Six, LLC"
reccDI5je8OBiYNXw,sjCompanied
recOiMiuohG7xBYxk,SK2 AI Solutions
recNR6qkyM3p7CAbe,Sketchup Packet
rec2UYLdMCk0sSygz,Skunky’s Junk Removal
recpn2PoaO6Fdo2FC,"Sky Song, ASU E & I"
recbgvJSpozUODeHR,Skyline Renovations
rec7SMvButXPvHEFi,Sleepover
reccngfj6qw5WGkWl,Sleepover
recMIQhTC7CGOugSc,Sleepover Sheets
recE0OkcXjoEQVRLi,Sly
recXIJ1o45sjZDFqw,SMH ORGANIC FAMILY FARMS LLC
recSSTe1gByQTyYCz,Smoke Tree Workshop
recJYBvy7UXb0KTVe,SO WE Grow
recLKtiu1oNvNbGrL,social media/actress
rectwTFfahq36bmZf,Society of Children's Book Writers and Illustrators
recSJxSQ9rahg5TqD,Society of Physician Entrepreneurs
recOhw2XQdrbPzEIw,Soeur du Sol
recQq6T5u3olKFsEq,Sœur du Sol
rec8PcVqegb1Mp8Pf,SoFreshSmells LLC
reciFR6B6qg8UtARJ,Soil King
reckPYD4xBvvCRTlP,SokoSense
recAFFRR8VYpg2PgX,SolaRay Farms
recBgFK9ubRfLG7jf,SoloAguirre Remodeling LLC
recrJKBXh4EjRLeTG,Solutions by God
recXiWiZkXTgR6tBJ,South Mountain Community College
recSG5lv4D70dW7GX,Southwest Center and the Kellogg Endowed Chair in Southwestern Borderlands Food and Water Security
recxAqhqD81afObiM,Southwest Veterans Chamber of Commerce
recM0OXm0FIVVq21T,Sparklaunch
recFUfr1klLfXM25q,Speedy Certz
recc5kTtkPyfz9EAR,SPUN
recIdJqfVPe0XwBBt,SR Events
recw5nDRR8gFWJFyr,Staqhaus LLC
recp7AxArKkBY5cJB,StarFerret LLC
recon1BkeSV4k7VpU,starting a microschool
recFQyvWdp8r17qmB,State Forty Eight Foundation
recf9fIhvt3GbBgsX,Station Power Construction LLC
recrB9IcVoKt90k0j,Status Quo Breaker Agency
recDYBNNskVwoEaKG,Steady On Tech
reckV9KuBiY8NOGEY,STEAM website
rec6oCi3lQ0fSFDqz,Stellar Solar
recXsMA39UIdOnqwt,STEMteachersPHX
recM99hfOirhXFwzM,Stephanie Bucklin Consulting
rec0Peq3E0ZpL6VMM,Stephanie Bucklin Consulting LLC
recW6Hizka9a0V3nf,StrongHer.me Coaching & Consulting
reckBRGzBz9vLr6Tj,Student
recS1tEUaIghvsKUI,Success By Design - LEAD Program
recm2UxTlqFFmNnAI,Sun Produce Cooperative
rec2bg3vngVySshnM,Sundt Construction
recJq6q9DP59mxfSb,Sunny WAV
recX9RpoR6Bi9TjsS,SunnyWAV
recdKiCOZMFvLLkSD,Sunrise Aerial
recP26q8zXpLNypGS,SunShine ProCleaning Services LLC
receaX2hGEiS1Srgs,Superior Ride LLC
recnjR8Xw6jiaeop5,SuperPower Network
recMhw6qnwSCRcT4v,Superpower Network
recDNWVWZWmpQBPDn,Swift Coat
recxHp9ZlTCUw7BOa,SWVC
recgDjSlIDpau3kHD,Sync
reczZY4xagSatj2Iu,TAALIKA DNA SMOCKS 
recEVUSpGte5cbnsl,Talk of the Table
reczoyTT84k5AWFiY,TARIY
recq4wA9J3UZ7DPt7,Taste of Fashion & Food Around the World
recrHPZt2weTviqpL,"TAU-XYZ, LLC"
recdqfjbdi6gtxg46,TAU.xyz
rechiHG5KSN6q2fUO,Tax Success Pro
recLWmVzSXhHYXJZV,TBC
recCQL1ewJ5UDZRSv,Teaching Solved
rec2A7WMfaHlLZzbu,Teaching Solved LLC
recSr1d4cud3bHDA6,televeda
recLLyjVRjIHAQ4yQ,Termotechs
rec5k5RpB32zcDR0B,Test Inc.
reclIgqKBxxruvrI0,TEST ORG
recBobGpA4nSoap5D,Test Org - Stevie
rec4RKSUPwOdDVByc,TEST ORGANIZATION
reckfSm3XISvXrqhk,Testimony Logistics/Transport
rec9UOd2vkhmFScIK,TGWU Inc.
recjkkHDplkYr6ODp,The Caviar Incident
recNe8jFG8fFKWhiN,The Connective
recmKkyYPIJMzUBwn,The Cooperative Lender
recn6rWStB7QDFcg9,The Crafty Chica
recbYjahMJ3QBJaNy,The Curly Haired Herbalist
recsjEnnhipBORvF4,The Cut Mens Salon
recO9MHJKIN7YUpVf,The Fodder Box Co.
recIULltSuxjgDNC1,The Grandview Group
recMIEbUoRxP6xrVw,The Growth House LLC
rec8u3kCptSUQgRzj,The Healing Pot
reclNA50NLyTPMpXb,The Nature Conservancy
recxX3rOTwtChmafq,The OSO Consulting Group
recb5BE8xKMRj9jpN,The Outlandish Blueprint
recL4Ivr70qwVufxn,The PEAK Fleet
recK5c9miSiFtqfxC,The Polytechnic School
recAMEmEiP07PrQup,The Saenz Group
rec9eDXOF5DFGlkpV,The Sea Moss Bosses
recgzwRiUCSo2seDC,The Sea moss bosses
recIwf4lnJljKBOcN,The sea moss bosses
recwpPxMKOA5pcY4p,"The Smart PM, LLC."
reczhX7XJ82id9r7f,The Welcome to America Project
recoDqWUpltHnWntK,ThermoTechs
rectnV7d0V8n0pDM3,Thermotechs
rec7EwPSZG5yUNeTW,Thinkzilla Consulting Group
recNB6y0gBSRT1EMD,ThinkZTrek
rec8JxuaYT8RucM3T,Third Element Creative Engineering
recl44PjCLBOk9eXA,Thread
recJQrmtn9yz0X9kc,Thrive Consultancy
rec711KR8Pxs7j61P,Top Onyx LLC
recnKtXhyGZADJFI6,Top Source Talent
recrnq7dNvMkAjDva,Total Local Agricultural
recL7OTOzttihUax7,Totally Bellas
recrbqQTI4PfnFR8p,Training Solutions
recSb2wRthbwWcbsR,"Transcryption, LLC"
reclIEsBAVKWlFEBg,Transform 42
recQ1xnbw2VdWc3uj,Translatica
recVhYBsxGWuZkqkN,Transports Global Events
recn5SdmwML03qQbp,Travel One
recsHXFWWEzbwNXlI,TRIA
recEIAcTmuJKZRgdr,TRIALNAV
recvCn0j7B1LBV6u2,TrialNAV
recExHbNU7pgGBJFn,Tribal Stimulus Funds for Urban Navajos
reczTn55gwxPxFWI8,Triumph
recncgJNNkY6hEYXh,True Leverage
recCFKkIWp32ptMaG,"True Life Harmony, LLC"
recOdvKu4FTpSryWq,Tulasi Sainath Polisetty
rec8QNZYqdw7syyH3,Twinware
recrtqLYWkamcCDWB,Tyre Angel
reccbFfGapPkeoLUX,Uncoffee
recfnS4w4AnmKRZGQ,UNIUS
recQFf9rnhCunigFf,Unius
recgYw9OIpmtl6Llx,USDA Arizona State Office
recaS7e89w7IO7Mlr,Valley Leadership
recxHnnZgIZnyTcts,Valley Leadership
recPPKYl7otckpeeH,VENTURE #1
recuacJrFdxMMlURy,VENTURE #2
recGerb7fBojZSzPc,VENTURE #3
recaBEJBlCCLu0EEF,VENTURE 4
recnSHbUNllaW5Ho5,VENTURE 5
recR0TyyCV3p7LXqr,Venture Cafe Phoenix
recTt3W7BQ3MSac6n,Venture Devils
recchkIwbOtFN9lkF,Venture Devils
rec4Z7dR1L5ilBtrL,Venture Mentor
recOzeJaKLYYvR6sI,Venture On
recJ2vezmD2oQwNsg,Verdantt Fresh Solutions
rec9ZWqSg6riloaDC,Verde Clean
recvJGFXgo6LbLM1H,Verra Mobility
rec5DF6AsQ4HbLbxO,Verrette Capital LLC
recrfSzp0FDLRpi5z,Viability
reclrT8E8yXhd9ZVH,Victoria Patton Insurance Agency PLLC
recQ3dgCRDIFOmrmi,Village Labs
recN2CeFb3QKNLDhM,Vintage Oats
recSbU2CvoZ5u70kB,VinTosh
recjYYJsGAs702au9,Visit Mesa
recsgPVEmiF6mLQxr,VM Global Solutions LLC
recQlCu8tSEEKcR80,Vocci International
recTow38xjCigrdOL,VR Clubs of America
recYWE3lvtNF3E9KO,Vulcreate
recfTP5kjpPqijbKl,Vybe Dating
recgzK8XsuLCHwtE1,Vyomaa Energy Inc
rec6wTTEUMXdXQO0c,W.P. Carey Center for Entrepreneurship and New Business Design
rec6MH3heTsAcecoV,Walton Sustainable Solutions Service
recwpwPX8pIX4rcct,Wants to open community center
recHAMmYpqy0JIX1m,WaterEdge Business Solutions
recWJUKwyWgiFwmz6,Waypoint Creative
reccDoa1CpN1Iqm3G,WBEC-West
recY4cgF06AEro0qT,WCA Apparel
rectIQNbD0MTqiDpJ,We Produce Culture
recxQSj3gkw9yz27Y,We Produce Culture
recePOK9s8NnwIpxt,Wells Fargo
recWoaXybc8WPyS4T,Wells Fargo/NREL Innovation Incubator
recvqx5ZQf2RIzUsY,wEquipu
recxVHpBE6wAndPXp,wEquipu and Hopebank International
recXFGS6yYiVPdmTH,Western Governors University
recI638Iqztk7ZJ4P,WestMarc
recIJL9xu986fVZ8q,Wild Hooves Open Hearts
recxl7gOKv0hvv3Ui,WingSuite
recimX8bmay0SKOHn,Wombat
recrFFBlq1qbWXFMY,Women Sales Pro
recpqocZhxHembBOL,Women with Purpose
recUhzlslQKzAgp3p,WYD!
recBQ2f1vGxESx6P7,XaData
